sentence,label,cleaned
So there is no way for me to plug it in here in the US unless I go by a converter.,0,way plug us unless go converter
"Good case, Excellent value.",1,good case excellent value
Great for the jawbone.,1,great jawbone
Tied to charger for conversations lasting more than 45 minutes.MAJOR PROBLEMS!!,0,tie charger conversations last minutesmajor problems
The mic is great.,1,mic great
I have to jiggle the plug to get it to line up right to get decent volume.,0,jiggle plug get line right get decent volume
"If you have several dozen or several hundred contacts, then imagine the fun of sending each of them one by one.",0,several dozen several hundred contact imagine fun send one one
If you are Razr owner...you must have this!,1,razr owneryou must
"Needless to say, I wasted my money.",0,needless say waste money
What a waste of money and time!.,0,waste money time
And the sound quality is great.,1,sound quality great
He was very impressed when going from the original battery to the extended battery.,1,impress go original battery extend battery
If the two were seperated by a mere 5+ ft I started to notice excessive static and garbled sound from the headset.,0,two seperated mere ft start notice excessive static garble sound headset
Very good quality though,1,good quality though
"The design is very odd, as the ear ""clip"" is not very comfortable at all.",0,design odd ear clip comfortable
Highly recommend for any one who has a blue tooth phone.,1,highly recommend one blue tooth phone
I advise EVERYONE DO NOT BE FOOLED!,0,advise everyone fool
So Far So Good!.,1,far good
Works great!.,1,work great
It clicks into place in a way that makes you wonder how long that mechanism would last.,0,click place way make wonder long mechanism would last
"I went on Motorola's website and followed all directions, but could not get it to pair again.",0,go motorolas website follow directions could get pair
I bought this to use with my Kindle Fire and absolutely loved it!,1,buy use kindle fire absolutely love
The commercials are the most misleading.,0,commercials mislead
I have yet to run this new battery below two bars and that's three days without charging.,1,yet run new battery two bar thats three days without charge
I bought it for my mother and she had a problem with the battery.,0,buy mother problem battery
Great Pocket PC / phone combination.,1,great pocket pc phone combination
I've owned this phone for 7 months now and can say that it's the best mobile phone I've had.,1,ive own phone months say best mobile phone ive
I didn't think that the instructions provided were helpful to me.,0,didnt think instructions provide helpful
People couldnt hear me talk and I had to pull out the earphone and talk on the phone.,0,people couldnt hear talk pull earphone talk phone
Doesn't hold charge.,0,doesnt hold charge
"This is a simple little phone to use, but the breakage is unacceptible.",0,simple little phone use breakage unacceptible
This product is ideal for people like me whose ears are very sensitive.,1,product ideal people like whose ears sensitive
It is unusable in a moving car at freeway speed.,0,unusable move car freeway speed
I have two more years left in this contract and I hate this phone.,0,two years leave contract hate phone
Car charger as well as AC charger are included to make sure you never run out of juice.Highy recommended,1,car charger well ac charger include make sure never run juicehighy recommend
You need at least 3 mins to get to your phone book from the time you first turn on the phone.Battery life is short.,0,need least mins get phone book time first turn phonebattery life short
It has kept up very well.,1,keep well
Poor Talk Time Performance.,0,poor talk time performance
The case is great and works fine with the 680.,1,case great work fine
worthless product.,0,worthless product
"It has a great camera thats 2MP, and the pics are nice and clear with great picture quality.",1,great camera thats mp pics nice clear great picture quality
I was not impressed by this product.,0,impress product
Nice headset priced right.,1,nice headset price right
I only hear garbage for audio.,0,hear garbage audio
Excellent bluetooth headset.,1,excellent bluetooth headset
It has all the features I want,1,feature want
Who in their right mind is gonna buy this battery?.,0,right mind gonna buy battery
AFTER ARGUING WITH VERIZON REGARDING THE DROPPED CALLS WE RETURNED THE PHONES AFTER TWO DAYS.,0,argue verizon regard drop call return phone two days
This case seems well made.,1,case seem well make
Disappointed with battery.,0,disappoint battery
Not loud enough and doesn't turn on like it should.,0,loud enough doesnt turn like
good protection and does not make phone too bulky.,1,good protection make phone bulky
A usable keyboard actually turns a PDA into a real-world useful machine instead of just a neat gadget.,1,usable keyboard actually turn pda realworld useful machine instead neat gadget
This phone is pretty sturdy and I've never had any large problems with it.,1,phone pretty sturdy ive never large problems
I love this thing!,1,love thing
Everything about it is fine and reasonable for the price i.e.,1,everything fine reasonable price ie
VERY DISAPPOINTED.,0,disappoint
I even dropped this phone into a stream and it was submerged for 15 seconds and it still works great!,1,even drop phone stream submerge second still work great
I have been very happy with the 510 and have had NO complaints from any one regarding my sound quality on their end.,1,happy complaints one regard sound quality end
The buttons for on and off are bad.,0,button bad
Essentially you can forget Microsoft's tech support.,0,essentially forget microsofts tech support
"I really recommend this faceplates since it looks very nice, elegant and cool.",1,really recommend faceplates since look nice elegant cool
These headphones were a great find - and I think they are perhaps the best purchase I've made in the last several years - seriously.,1,headphones great find think perhaps best purchase ive make last several years seriously
Buy a different phone - but not this.,0,buy different phone
You have to hold the phone at a particular angle for the other party to hear you clearly.,0,hold phone particular angle party hear clearly
The one big drawback of the MP3 player is that the buttons on the phone's front cover that let you pause and skip songs lock out after a few seconds.,0,one big drawback mp player button phone front cover let pause skip songs lock second
"A week later after I activated it, it suddenly died.",0,week later activate suddenly die
It feels more comfortable than most headsets because I wear glasses and that gets in the way sometimes.,1,feel comfortable headsets wear glass get way sometimes
Great for iPODs too.,1,great ipods
This device is great in several situations:1.),1,device great several situations
Mic Doesn't work.,0,mic doesnt work
"Even in my BMW 3 series which is fairly quiet, I have trouble hearing what the other person is saying.",0,even bmw series fairly quiet trouble hear person say
Great choice!,1,great choice
Nice docking station for home or work.,1,nice dock station home work
This is a beautiful phone.,1,beautiful phone
Love this product.,1,love product
Do Not Buy for D807...wrongly advertised for D807.,0,buy dwrongly advertise
This is a great little item.,1,great little item
"I love this phone , It is very handy and has a lot of features .",1,love phone handy lot feature
I purchased this and within 2 days it was no longer working!!!!!!!!!,0,purchase within days longer work
I wear it everyday and it holds up very well.,1,wear everyday hold well
Not a good bargain.,0,good bargain
"Well packaged, arrived on time, and works as intended.",1,well package arrive time work intend
The battery runs down quickly.,0,battery run quickly
"This item worked great, but it broke after 6 months of use.",0,item work great break months use
The headsets are easy to use and everyone loves them.,1,headsets easy use everyone love
This phone works great.,1,phone work great
The construction of the headsets is poor.,0,construction headsets poor
Product was excellent and works better than the verizon one and Boy was it cheaper!,1,product excellent work better verizon one boy cheaper
The phone loads super!,1,phone load super
"For a product that costs as much as this one does, I expect it to work far better and with greater ease than this thing does.",0,product cost much one expect work far better greater ease thing
Made very sturdy.,1,make sturdy
Worked great!.,1,work great
The ear buds only play music in one ear.,0,ear bud play music one ear
Dont waste your money...,0,dont waste money
Will order from them again!,1,order
If you plan to use this in a car forget about it.,0,plan use car forget
I found this product to be waaay too big.,0,find product waaay big
Best I've found so far .... I've tried 2 other bluetooths and this one has the best quality (for both me and the listener) as well as ease of using.,1,best ive find far ive try bluetooths one best quality listener well ease use
I'm very disappointed with my decision.,0,im disappoint decision
Integrated seamlessly with the Motorola RAZR phone.,1,integrate seamlessly motorola razr phone
"Buyer Beware, you could flush money right down the toilet.",0,buyer beware could flush money right toilet
Definitely a bargain.,1,definitely bargain
The price was very good and with the free shipping and all it was a good purchase.,1,price good free ship good purchase
I received my supposedly new motorola 375 and apparently there was not a match between the phone and the charger.,0,receive supposedly new motorola apparently match phone charger
"Pros:-Good camera - very nice pictures , also has cool styles like black and white, and more.",1,prosgood camera nice picture also cool style like black white
"That's a huge design flaw (unless I'm not using it correctly, which I don't think is the case).",0,thats huge design flaw unless im use correctly dont think case
"I love my 350 headset.. My Jabra350 bluetooth headset is great, the reception is very good and the ear piece is a comfortable fit.",1,love headset jabra bluetooth headset great reception good ear piece comfortable fit
"The camera, although rated at an impressive 1.3 megapixels, renders images that fall well below expectations of such a relatively high resolution.",0,camera although rat impressive megapixels render image fall well expectations relatively high resolution
I purcashed this for the car charger and it does not work.,0,purcashed car charger work
"Sound quality on both end is excellent, I use headset to call my wife and ask my wife to use headset to call me !2.",1,sound quality end excellent use headset call wife ask wife use headset call
This phone is slim and light and the display is beautiful.,1,phone slim light display beautiful
its a little geeky but i think thats its sex on toast and it rocks and oozes sex right down to its battery embedded sleek stylish leather case.,1,little geeky think thats sex toast rock ooze sex right battery embed sleek stylish leather case
"Great product, fast shipping!.",1,great product fast ship
Absolutely great.,1,absolutely great
The keyboard is a nice compromise between a full QWERTY and the basic cell phone number keypad.,1,keyboard nice compromise full qwerty basic cell phone number keypad
i got this phone around the end of may and i'm completely unhappy with it.,0,get phone around end may im completely unhappy
It is very comfortable on the ear.,1,comfortable ear
It has been a winner for us.,1,winner us
)Setup couldn't have been simpler.,1,setup couldnt simpler
I've tried several different earpieces for my cell phone and this Jabra one is the first one I've found that fits my ear comfortably.,1,ive try several different earpieces cell phone jabra one first one ive find fit ear comfortably
Could not get strong enough signal.,0,could get strong enough signal
Iam very pleased with my purchase.,1,iam please purchase
Bad Quality.,0,bad quality
Gets the job done.,1,get job do
Great audio!.,1,great audio
Basically the service was very bad.,0,basically service bad
it did not work in my cell phone plug i am very up set with the charger!.,0,work cell phone plug set charger
"I've only had my bluetooth for a few weeks, but I really like it.",1,ive bluetooth weeks really like
The BT headset was such a disapoinment.,0,bt headset disapoinment
It is so small and you don't even realize that it is there after a while of getting used to it.,1,small dont even realize get use
The accompanied software is almost brilliant.,1,accompany software almost brilliant
Headset works great & was packaged nicely to avoid any damage.,1,headset work great package nicely avoid damage
!I definitly recommend!!,1,definitly recommend
Buyer--Be Very Careful!!!!!.,0,buyerbe careful
The majority of the Logitech earbud headsets failed.,0,majority logitech earbud headsets fail
Very good stuff for the price.,1,good stuff price
My headset works just peachy-keen.,1,headset work peachykeen
In my house I was getting dropped coverage upstairs and no coverage in my basement.,0,house get drop coverage upstairs coverage basement
Voice recognition is tremendous!,1,voice recognition tremendous
What a waste.,0,waste
"During several different 2 minute calls, I experienced 5 drops and it was in an area that had 5 bars.",0,several different minute call experience drop area bar
I was not happy with this item.,0,happy item
very disappointed.,0,disappoint
The phone takes FOREVER to charge like 2 to 5 hours literally.,0,phone take forever charge like hours literally
I got this phone on reccomendation from a relative and I'm glad I did.,1,get phone reccomendation relative im glad
What a waste of time!,0,waste time
Its reception is very very poor.,0,reception poor
Items stated as included from the description ARE NOT INCLUDED.,0,items state include description include
"After 3 months, screen just went black all of a sudden.",0,months screen go black sudden
I Was Hoping for More.,0,hop
"Audio Quality is poor, very poor.",0,audio quality poor poor
I had absolutely no problem with this headset linking to my 8530 Blackberry Curve!,1,absolutely problem headset link blackberry curve
"I know that sounds funny, but to me it seemed like sketchy technology that wouldn't work well.Well, this one works great.",1,know sound funny seem like sketchy technology wouldnt work wellwell one work great
I've bought $5 wired headphones that sound better than these.,0,ive buy wire headphones sound better
This phone is very fast with sending any kind of messages and web browsing is significantly faster than previous phones i have used.,1,phone fast send kind message web browse significantly faster previous phone use
"Nice quality build, unlike some cheap s*** out there.",1,nice quality build unlike cheap
This item is fantastic and works perfectly!,1,item fantastic work perfectly
And I just love the colors!,1,love color
W810i is just SUPERB.,1,wi superb
"All I can do is whine on the Internet, so here it goes.The more I use the thing the less I like it.",0,whine internet goesthe use thing less like
Great charger.,1,great charger
This is essentially a communications tool that does not communicate.,0,essentially communications tool communicate
Works like a charm; it work the same as the one I got with the phone.,1,work like charm work one get phone
"I still maintain that monkeys shouldn't make headphones, we just obviously don't share enough DNA to copy the design over to humans.",0,still maintain monkey shouldnt make headphones obviously dont share enough dna copy design humans
Great Value.,1,great value
Doesn't work at all.. I bougth it for my L7c and its not working.,0,doesnt work bougth lc work
"The look of it is very sharp and the screen is nice and clear, with great graphics.",1,look sharp screen nice clear great graphics
doesn't last long.,0,doesnt last long
One thing I hate is the mode set button at the side.,0,one thing hate mode set button side
EXCELLENT SERVICE!!!!!!!!.,1,excellent service
Thank you for wasting my money.,0,thank waste money
How can that be?The audio quality is poor.,0,bethe audio quality poor
The iGo chargers and tips are really great.,1,igo chargers tip really great
The file browser offers all the options that one needs.Handsfree is great.,1,file browser offer options one needshandsfree great
Superb Phone on a Great Network.,1,superb phone great network
"I connected my wife's bluetooth,(Motorola HS850) to my phone and it worked like a charm whether the phone was in my pocket or the case.",1,connect wifes bluetoothmotorola hs phone work like charm whether phone pocket case
"I put the latest OS on it (v1.15g), and it now likes to slow to a crawl and lock up every once in a while.",0,put latest os vg like slow crawl lock every
It only recognizes the Phone as its storage device.,0,recognize phone storage device
"If you like a loud buzzing to override all your conversations, then this phone is for you!",0,like loud buzz override conversations phone
Don't buy this product.,0,dont buy product
I've had this bluetoooth headset for some time now and still not comfortable with the way it fits on the ear.,0,ive bluetoooth headset time still comfortable way fit ear
The sound quality is good and functionality is awesome.,1,sound quality good functionality awesome
"I have this phone and it is a thorn in my side, I really abhor it.",0,phone thorn side really abhor
I recently had problems where I could not stay connected for more than 10 minutes before being disconnected.,0,recently problems could stay connect minutes disconnect
Incredible!.,1,incredible
Design Flaw?.,0,design flaw
Great phone!.,1,great phone
Waste of 13 bucks.,0,waste buck
"But when I check voice mail at night, the keypad backlight turns off a few seconds into the first message, and then I'm lost.",0,check voice mail night keypad backlight turn second first message im lose
The replacement died in a few weeks.,0,replacement die weeks
Any ring tone..Overall good phone to buy..,1,ring toneoverall good phone buy
Lately they have been extremely nice and helpful on the phone.,1,lately extremely nice helpful phone
I have had problems wit hit dropping signal and more.,0,problems wit hit drop signal
Not impressed.,0,impress
"Light weight, I hardly notice it is there.",1,light weight hardly notice
You'll love how thin it is.,1,youll love thin
Bad Choice.,0,bad choice
The pleather case doesn't fit.,0,pleather case doesnt fit
"useless phone, simply deaf.",0,useless phone simply deaf
"The color is even prettier than I thought it would be, and the graphics are incredibly sharp.",1,color even prettier think would graphics incredibly sharp
All in all I think it was a good investment.,1,think good investment
It makes very strange ticking noises before it ends the call.,0,make strange tick noise end call
The best electronics of the available FM Transmitters.,1,best electronics available fm transmitters
Battery lasts only a few hours.,0,battery last hours
"great headset, very impressed - H500.",1,great headset impress h
"The ""1.2"" mega pixel camera, being a part of a phone, is reasonably good7.",1,mega pixel camera part phone reasonably good
I've had this for nearly 2 years and it has worked great for me.,1,ive nearly years work great
Good transmit audio.,1,good transmit audio
We are sending it back.,0,send back
I did not bother contacting the company for few dollar product but I learned the lesson that I should not have bought this form online anyway.,0,bother contact company dollar product learn lesson buy form online anyway
"If you hate earbugs, avoid this phone by all means.",0,hate earbugs avoid phone mean
Great price also!,1,great price also
"The range is very decent, I've been able to roam around my house with the phone in the living room with no reception/sound quality issues.",1,range decent ive able roam around house phone live room receptionsound quality issue
fast service.,1,fast service
I would highly recommend this.,1,would highly recommend
I would recommend this.,1,would recommend
"I also didn't like the ""on"" button, it felt like it would crack with use.",0,also didnt like button felt like would crack use
WORST PHONE EVER.,0,worst phone ever
I'm still infatuated with this phone.,1,im still infatuate phone
Freezes frequently4.,0,freeze frequently
It's kind of embarrassing to use because of how it looks and mostly it's embarrassing how child-like the company is.,0,kind embarrass use look mostly embarrass childlike company
"Simple, lightweight and great fit.",1,simple lightweight great fit
"All in all, I'd expected a better consumer experience from Motorola.",0,id expect better consumer experience motorola
There's a horrible tick sound in the background on all my calls that I have never experienced before.,0,theres horrible tick sound background call never experience
These are certainly very comfortable and functionality is decent.,1,certainly comfortable functionality decent
I usually don't like headbands but this one is very lightweight & doesn't mess up my hair.,1,usually dont like headbands one lightweight doesnt mess hair
I'm a bit disappointed.,0,im bite disappoint
"I have had this phone for over a year now, and I will tell you, its not that great.",0,phone year tell great
I ordered this for sony Ericsson W810i but I think it only worked once (thats when I first used it).,0,order sony ericsson wi think work thats first use
The battery is completely useless to me.,0,battery completely useless
What a big waste of time.,0,big waste time
Don't waste your $$$ on this one.,0,dont waste one
Great sound and service.,1,great sound service
Really pleased with this product so far.,1,really please product far
One of my favorite purchases ever.,1,one favorite purchase ever
best bluetooth on the market.,1,best bluetooth market
Authentic leather with nice shine and comfort .I recommend you this case !!,1,authentic leather nice shine comfort recommend case
I was very excited to get this headset because I thought it was really cute.,1,excite get headset think really cute
Do not make the same mistake as me.,0,make mistake
Big Disappointment with calendar sync.,0,big disappointment calendar sync
the phone was unusable and was not new.,0,phone unusable new
Worst Customer Service Ever.,0,worst customer service ever
"No additional ear gels provided, and no instructions whatsoever.",0,additional ear gel provide instructions whatsoever
It defeats the purpose of a bluetooth headset.,0,defeat purpose bluetooth headset
Worth every penny.,1,worth every penny
Excellent wallet type phone case.,1,excellent wallet type phone case
Nice headphones for the price and they work great!,1,nice headphones price work great
Internet is excrutiatingly slow.,0,internet excrutiatingly slow
"It is very comfortable to wear as well, which is probably the most important aspect about using a case.",1,comfortable wear well probably important aspect use case
"It's fits like a glove and is strong, secure, and durable.",1,fit like glove strong secure durable
O my gosh the best phone I have ever had.,1,gosh best phone ever
It's very attractive and appears to be of good quality.,1,attractive appear good quality
I love all the features and form factor.,1,love feature form factor
This product had a strong rubber/petroleum smell that was unbearable after a while and caused me to return it,0,product strong rubberpetroleum smell unbearable cause return
poor quality and service.,0,poor quality service
"The cable looks so thin and flimsy, it is scary.",0,cable look thin flimsy scary
Great Earpiece.,1,great earpiece
Excellent hands free tool.,1,excellent hand free tool
Great for using with your home stereo.,1,great use home stereo
Good product - incredible value.,1,good product incredible value
Only had this a month but it's worked flawlessly so far.,1,month work flawlessly far
Works great.,1,work great
Absolutel junk.,0,absolutel junk
THAT one didn't work either.,0,one didnt work either
Battery life is real good.,1,battery life real good
Returned 8 hours later.,0,return hours later
It's a great item.,1,great item
Don't waste your money!.,0,dont waste money
Love this headset!,1,love headset
"Not only will it drain your player, but may also potentially fry it.",0,drain player may also potentially fry
Worked perfectly!,1,work perfectly
Unreliable - I'm giving up.,0,unreliable im give
I gave it 5 stars because of the sound quality.,1,give star sound quality
Avoid this one if you can.,0,avoid one
Reversible plug works great.,1,reversible plug work great
I wasted my little money with this earpiece.,0,waste little money earpiece
Very good phone.,1,good phone
"Best of all is the rotating feature, very helpful.",1,best rotate feature helpful
Comfort for our whole family.,1,comfort whole family
"Good product, good seller.",1,good product good seller
I love this bluetooth!,1,love bluetooth
"First of all, it doesn't wear well.",0,first doesnt wear well
I am very impressed with this headset from Plantronics.,1,impress headset plantronics
I got it because it was so small and adorable.,1,get small adorable
Great phone!.,1,great phone
I wouldn't recommend buying this product.,0,wouldnt recommend buy product
Piece of Junk.,0,piece junk
Poorly contstruct hinge.,0,poorly contstruct hinge
"This item is great, installed it, let it charged up overnite and it has been working good every since with no problems",1,item great instal let charge overnite work good every since problems
Great Phone.,1,great phone
Don't buy it.,0,dont buy
Excellent Phone.,1,excellent phone
DO NOT PURCHASE THIS PHONE.,0,purchase phone
The voice recognition thru the handset is excellent.,1,voice recognition thru handset excellent
This is hands down the best phone I've ever had.,1,hand best phone ive ever
"Works great, when my cat attacked the phone he scratched the protective strip instead of destroying the screen.",1,work great cat attack phone scratch protective strip instead destroy screen
This one works and was priced right.,1,one work price right
Customer service was terrible.,0,customer service terrible
Battery life still not long enough in Motorola Razor V3i.,0,battery life still long enough motorola razor vi
Sending it back.,0,send back
Now I know that I made a wise decision.,1,know make wise decision
Someone shouldve invented this sooner.,1,someone shouldve invent sooner
Good price.,1,good price
Everything worked on the first try.The device was certainly engineered in a clever way and the construction feels good.,1,everything work first trythe device certainly engineer clever way construction feel good
I received it quickly and it works great!!,1,receive quickly work great
Has been working great.,1,work great
"As many people complained, I found this headset's microphone was very weak.",0,many people complain find headsets microphone weak
My 5-year old Nokia 2160 from Tracfone holds the charge a lot better than this.,0,year old nokia tracfone hold charge lot better
They do not care about the consumer one bit.,0,care consumer one bite
"This is a good battery, and it got here really fast.",1,good battery get really fast
The instruction manual is lacking.,0,instruction manual lack
Also its slim enough to fit into my alarm clock docking station without removing the case.,1,also slim enough fit alarm clock dock station without remove case
Phone now holds charge like it did when it was new.,1,phone hold charge like new
The battery is unreliable as well as the service use antena.,0,battery unreliable well service use antena
It's uncomfortable and the sound quality is quite poor compared with the phone (Razr) or with my previous wired headset (that plugged into an LG).,0,uncomfortable sound quality quite poor compare phone razr previous wire headset plug lg
We have gotten a lot of compliments on it.,1,get lot compliment
This is definitely a must have if your state does not allow cell phone usage while driving.,1,definitely must state allow cell phone usage drive
I want my money back.,0,want money back
I love this device.,1,love device
I am also very happy with the price.,1,also happy price
I ordered this product first and was unhappy with it immediately.,0,order product first unhappy immediately
The Ngage is still lacking in earbuds.,0,ngage still lack earbuds
I was able to do voice dialing in the car with no problem.,1,able voice dial car problem
"I have 2-3 bars on my cell phone when I am home, but you cant not hear anything.",0,bar cell phone home cant hear anything
"good item, low price.",1,good item low price
"However-the riingtones are not the best, and neither are the games.",0,howeverthe riingtones best neither game
The plug did not work very well.,0,plug work well
AMAZON SUCKS.,0,amazon suck
Rip off---- Over charge shipping.,0,rip charge ship
VERY comfortable.,1,comfortable
The battery is working well as a replacement for the original that came with the phone over 2 years ago.,1,battery work well replacement original come phone years ago
The reception is excellent!,1,reception excellent
"It fits comfortably in either ear, the sound is clear and loud, and the charge lasts a couple of days.",1,fit comfortably either ear sound clear loud charge last couple days
"very clear, quality sound and you don't have to mess with the sound on your iPod since you have the sound buttons on the headset.",1,clear quality sound dont mess sound ipod since sound button headset
1. long lasting battery (you don't have to recharge it as frequentyly as some of the flip phones)2.,0,long last battery dont recharge frequentyly flip phone
Obviously there is a problem with the adhesive.,0,obviously problem adhesive
Very disappointing.,0,disappoint
"It was an inexpensive piece, but I would still have expected better quality.",0,inexpensive piece would still expect better quality
It is practically useless and did not add any kind of boost to my reception after I bought it.,0,practically useless add kind boost reception buy
Excellent sound quality.,1,excellent sound quality
Was not happy.,0,happy
A PIECE OF JUNK THAT BROKE AFTER BEING ON MY PHONE FOR 2 DAYS!!!,0,piece junk break phone days
New Battery works great in phone.,1,new battery work great phone
Worst customer service.,0,worst customer service
"I've dropped my phone more times than I can say, even on concrete and my phone is still great (knock on wood!).",1,ive drop phone time say even concrete phone still great knock wood
Reception is terrible and full of static.,0,reception terrible full static
Good audio quality.,1,good audio quality
This little device has transformed my organizational capability and made my life a whole lot easier.,1,little device transform organizational capability make life whole lot easier
"I was sitting in my vehicle, with the cradle on my belt, and the headset lost signal.",0,sit vehicle cradle belt headset lose signal
Were JERKS on the phone.,0,jerk phone
Works like a charm.. Works as advertised.,1,work like charm work advertise
"Comfortable, Nice Range, Good Battery Life.",1,comfortable nice range good battery life
Their network coverage in Los Angeles is horrible.,0,network coverage los angeles horrible
Excellent starter wireless headset.,0,excellent starter wireless headset
"The loudspeaker option is great, the bumpers with the lights is very ... appealing.",0,loudspeaker option great bumpers light appeal
The only thing that I think could improve is the sound leaks out from the headset.,0,thing think could improve sound leak headset
"First off the reception sucks, I have never had more than 2 bars, ever.",0,first reception suck never bar ever
The phone gets EXTREMELY HOT!,0,phone get extremely hot
"The microphone also works well, but (according to people I have called) it applifies everything.",1,microphone also work well accord people call applifies everything
Nice design and quality.,1,nice design quality
"Also, if your phone is dropped, this case is not going to save it, specially when dropped face down.",0,also phone drop case go save specially drop face
"It is light, easy to use, and has very clear reception and transmission.",1,light easy use clear reception transmission
"bad fit, way too big.",0,bad fit way big
It definitely was not as good as my S11.,1,definitely good
awesome device.,1,awesome device
Waste of money.,0,waste money
"I had ordered a motorola data cable, got a very well finished and working product.",1,order motorola data cable get well finish work product
Love This Phone.,1,love phone
I was looking for this headset for a long time and now that I've got it I couldn't be happier.,1,look headset long time ive get couldnt happier
"I'll be drivng along, and my headset starts ringing for no reason.",0,ill drivng along headset start ring reason
Display is excellent and camera is as good as any from that year.,1,display excellent camera good year
Battery life is also great!,1,battery life also great
The worst phone I've ever had.... Only had it for a few months.,0,worst phone ive ever months
Not a good item.. It worked for a while then started having problems in my auto reverse tape player.,0,good item work start problems auto reverse tape player
This is so embarassing and also my ears hurt if I try to push the ear plug into my ear.,0,embarassing also ears hurt try push ear plug ear
Protects the phone on all sides.,1,protect phone side
This is a VERY average phone with bad battery life that operates on a weak network.,0,average phone bad battery life operate weak network
"Clear Skype Calls, Long Battery Life, Long Range.",1,clear skype call long battery life long range
Soyo technology sucks.,0,soyo technology suck
Great Hands Free Device.,1,great hand free device
"you can even take self portraits with the outside (exterior) display, very cool.",1,even take self portraits outside exterior display cool
Same problem as others have mentioned.,0,problem others mention
After trying many many handsfree gadgets this is the one that finally works well.,1,try many many handsfree gadgets one finally work well
Magical Help.,1,magical help
The worst piece of crap ever along with the Verizon customer service.,0,worst piece crap ever along verizon customer service
Poor sound quality.,0,poor sound quality
The best phone in market :).,1,best phone market
It worked very well.,1,work well
The company shipped my product very promptly and it works well.,1,company ship product promptly work well
Exactly what I wanted.,1,exactly want
The picture resolution is far below what other comparably-priced phones are offering today.,0,picture resolution far comparablypriced phone offer today
This is a great deal.,1,great deal
"Excellent product, I am very satisfied with the purchase.",1,excellent product satisfy purchase
I highly recommend these and encourage people to give them a try.,1,highly recommend encourage people give try
Better than you'd expect.,1,better youd expect
"Using all earpieces, left or right, this thing will not stay on my ear.",0,use earpieces leave right thing stay ear
Great product and price.,1,great product price
"Sounds good reasonably priced and effective, Its that simple !",1,sound good reasonably price effective simple
Still Waiting...... I'm sure this item would work well.. if I ever recieve it!,0,still wait im sure item would work well ever recieve
what a disappointment,0,disappointment
Very prompt service.,1,prompt service
Excellent product for the price.,1,excellent product price
Very pleased with this headset.,1,please headset
don't waste your money and time.,0,dont waste money time
I especially love the long battery life.,1,especially love long battery life
"It's so stupid to have to keep buying new chargers, car chargers, cradles, headphones and car kits every time a new phone comes out.",0,stupid keep buy new chargers car chargers cradle headphones car kit every time new phone come
Works great.,1,work great
Plantronics Bluetooth Excelent Buy.,1,plantronics bluetooth excelent buy
I came over from Verizon because cingulair has nicer cell phones.... the first thing I noticed was the really bad service.,0,come verizon cingulair nicer cell phone first thing notice really bad service
I'll be looking for a new earpiece.,0,ill look new earpiece
I highly recommend this device to everyone!,1,highly recommend device everyone
Jawbone Era is awesome too!,1,jawbone era awesome
We received a WHITE colored battery that goes DEAD after a couple hoursTHe original used to last a week - but still lasts longer than thereplacement,0,receive white color battery go dead couple hoursthe original use last week still last longer thereplacement
After a year the battery went completely dead on my headset.,0,year battery go completely dead headset
"I have used several phone in two years, but this one is the best.",1,use several phone two years one best
An Awesome New Look For Fall 2000!.,1,awesome new look fall
This is the first phone I've had that has been so cheaply made.,0,first phone ive cheaply make
"Att is not clear, sound is very distorted and you have to yell when you talk.",0,att clear sound distort yell talk
The plastic breaks really easy on this clip.,0,plastic break really easy clip
Price is good too.,1,price good
Don't make the same mistake I did.,0,dont make mistake
Oh and I forgot to also mention the weird color effect it has on your phone.,0,oh forget also mention weird color effect phone
I'm using it with an iriver SPINN (with case) and it fits fine.,1,im use iriver spinn case fit fine
Also the area where my unit broke).- I'm not too fond of the magnetic strap.,0,also area unit break im fond magnetic strap
"Overall, I am psyched to have a phone which has all my appointments and contacts in and gets great reception.",1,overall psyched phone appointments contact get great reception
"every thing on phone work perfectly, she like it.",1,every thing phone work perfectly like
"Another note about this phone's appearance is that it really looks rather bland, especially in the all black model.",0,another note phone appearance really look rather bland especially black model
IT'S REALLY EASY.,1,really easy
My Sanyo has survived dozens of drops on blacktop without ill effect.,1,sanyo survive dozens drop blacktop without ill effect
Fantastic earphones.,1,fantastic earphones
It finds my cell phone right away when I enter the car.,1,find cell phone right away enter car
Low Quality.,0,low quality
I highly recommend this modest priced cellular phone.,1,highly recommend modest price cellular phone
But it does get better reception and clarity than any phone I've had before.,1,get better reception clarity phone ive
Warning - Stay away.,0,warn stay away
I wish I could return the unit and get back my money.,0,wish could return unit get back money
Awsome Device Works Great!!.,1,awsome device work great
I used to talk on it for 1 - 1 1/2 hours and the battery would be literally drained and dying.,0,use talk hours battery would literally drain die
"If you don't find it, too bad, as again the unit comes with one earpad only.I would not recommend this to anyone.",0,dont find bad unit come one earpad onlyi would recommend anyone
Very Displeased.,0,displease
"I might have gotten a defect, but I would not risk buying it again because of the built quality alone.",0,might get defect would risk buy build quality alone
They made this case too small and is very difficult to install.,0,make case small difficult install
Restored my phone to like new performance.,1,restore phone like new performance
"I would recommend purchasing the Jabra JX-10 series 2 which works flawlessly with my Moto Q, go figure.",1,would recommend purchase jabra jx series work flawlessly moto q go figure
"I searched the Internet, and found this one to be the best value.",1,search internet find one best value
Does not fit.,0,fit
Very happy with this product.,1,happy product
"The screen size is big, key pad lit well enough, and the camera quality is excellent for a camera phone.",1,screen size big key pad light well enough camera quality excellent camera phone
There's really nothing bad I can say about this headset.,0,theres really nothing bad say headset
"i'm glad i found this product on amazon it is hard to find, it wasn't high priced.",1,im glad find product amazon hard find wasnt high price
Portable and it works.,1,portable work
"My colleague & I now get great reception.A little expensive, but performance is great.",1,colleague get great receptiona little expensive performance great
I even fully charged it before I went to bed and turned off blue tooth and wi-fi and noticed that it only had 20 % left in the morning.,0,even fully charge go bed turn blue tooth wifi notice leave morning
I've also had problems with the phone reading the memory card in which I always turn it on and then off again.,0,ive also problems phone read memory card always turn
Not good when wearing a hat or sunglasses.,0,good wear hat sunglasses
Timely shipment and quality product.,1,timely shipment quality product
Nice solid keyboard.,1,nice solid keyboard
Very well made and fits my Surefire GX2 perfectly.,1,well make fit surefire gx perfectly
Horrible phone.,0,horrible phone
BT50 battery junk!.,0,bt battery junk
We would recommend these to others.,1,would recommend others
Cant get the software to work with my computer.,0,cant get software work computer
Disappointed!.,0,disappoint
poor voice clarity.,0,poor voice clarity
The battery works great!,1,battery work great
No buyers remorse on this one!.,0,buyers remorse one
Very disappointed in AccessoryOne.,0,disappoint accessoryone
I find this inexcusable and so will probably be returning this phone and perhaps changing carriers.,0,find inexcusable probably return phone perhaps change carriers
"Looks great and is strong.""",1,look great strong
"I have had TMobile service for 2 or 3 years now, and I am pretty happy with it.",1,tmobile service years pretty happy
The update procedure is difficult and cumbersome.,0,update procedure difficult cumbersome
Disappointment.. I hate anything that goes in my ear.,0,disappointment hate anything go ear
Great software for Motorolas.,1,great software motorolas
The delivery was on time.,1,delivery time
Very easy to use.,1,easy use
"Uncomfortable In the Ear, Don't use with LG VX9900 (EnV).",0,uncomfortable ear dont use lg vx env
The volume switch rocketed out of the unit to a destination unknown.,0,volume switch rocket unit destination unknown
"It holds a charge for a long time, is reasonably comfortable under long-wearing conditions and the quality of sound is tremendous.",1,hold charge long time reasonably comfortable longwearing condition quality sound tremendous
I'd like to return it.,0,id like return
The keyboard is really worthwhile in usefulness and is sturdy enough I don't expect any problems.,1,keyboard really worthwhile usefulness sturdy enough dont expect problems
"Verizon's bills, however, are difficult to understand even though their pricing plans are simple.",0,verizons bill however difficult understand even though price plan simple
"After charging overnight, these batteries work great.",1,charge overnight batteries work great
You won't regret it!,1,wont regret
I love this phone!.,1,love phone
A Disappointment.,0,disappointment
Its not user friendly.,0,user friendly
Unfortunately the ability to actually know you are receiving a call is a rather important feature and this phone is pitiful in that respect.,0,unfortunately ability actually know receive call rather important feature phone pitiful respect
"Then I exchanged for the same phone, even that had the same problem.",0,exchange phone even problem
This results in the phone being either stuck at max volume or mute.,0,result phone either stick max volume mute
This PDA rocks.,1,pda rock
"It is super charged up for use as a small hybrid palmtop/camera/cellphone, and excels in those roles.",1,super charge use small hybrid palmtopcameracellphone excel roles
"I would definitely recommend the Jabra BT250v for those who are looking for comfort, clarity and a great price!",1,would definitely recommend jabra btv look comfort clarity great price
I had Verizon 2 years ago and really liked their service.,1,verizon years ago really like service
Pretty piece of junk.,0,pretty piece junk
Plug was the wrong size.,0,plug wrong size
Works as described.,1,work describe
Save your money.... I've had this item for 11 months now.,0,save money ive item months
Bad Purchase.,0,bad purchase
WELL IM SATISFIED.,1,well im satisfy
"The bose noise cancelling is amazing, which is very important for a NYC commuter.",1,bose noise cancel amaze important nyc commuter
This battery is an excellent bargain!,1,battery excellent bargain
Defective crap.,0,defective crap
I would have given no star if I was able.,0,would give star able
I wear glasses and it fits fine with them.,1,wear glass fit fine
"The sound quality for the device is unacceptable.Unless you are in a really quiet area, you almost hear nothing.",0,sound quality device unacceptableunless really quiet area almost hear nothing
I would not recommend this item to anyone.,0,would recommend item anyone
The holster that arrived did not match the photo in the ad.,0,holster arrive match photo ad
great...no problems at all!.,1,greatno problems
"As an earlier review noted, plug in this charger and nothing happens.",0,earlier review note plug charger nothing happen
This frog phone charm is adorable and very eye catching.,1,frog phone charm adorable eye catch
You never know if you pushed it hard enough or the right number of times for the function you want or not.,0,never know push hard enough right number time function want
The sound is clear and the people I talk to on it are amazed at the quality too.,1,sound clear people talk amaze quality
I got the aluminum case for my new Palm VX and it worked really well--it has protected my handheld perfectly so far.,1,get aluminum case new palm vx work really wellit protect handheld perfectly far
"very good product, well made.",1,good product well make
Mobile Phone Tools are a must have.,1,mobile phone tool must
I am very impressed with the job that Motorola did on the sturdiness of this phone.,1,impress job motorola sturdiness phone
"I received my orders well within the shipping timeframe, everything was in good working order and overall, I am very excited to have this source.",1,receive order well within ship timeframe everything good work order overall excite source
The phone is sturdy and waterproof.,1,phone sturdy waterproof
I am not impressed with this and i would not recommend this item to anyone.,0,impress would recommend item anyone
My only complaint is the standard sound volume is a little low even when turned up to 5(of 5),0,complaint standard sound volume little low even turn
Thanks again to Amazon for having the things I need for a good price!,1,thank amazon things need good price
I ended up sliding it on the edge of my pants or back pockets instead.,1,end slide edge pant back pocket instead
I had to go to a store and bought a new NOKIA phone which is working great.,1,go store buy new nokia phone work great
Works great!.,1,work great
REALLY UGLY.,0,really ugly
"horrible, had to switch 3 times.",0,horrible switch time
The noise shield is incrediable.,1,noise shield incrediable
No real improvement.,0,real improvement
Razr Battery - Good buy.,1,razr battery good buy
Keep up the good work Amazon!!,1,keep good work amazon
They refuse to refund or replace.,0,refuse refund replace
Unfortunately it's easy to accidentally activate them with the gentle-touch buttons if you accidentally touch the phone to your face while listening.,0,unfortunately easy accidentally activate gentletouch button accidentally touch phone face listen
So I basically threw my money out the window for nothing.,0,basically throw money window nothing
Great case and price!,1,great case price
All it took was one drop from about 6 inches above the kitchen counter and it was cracked.I am not impressed and I am not laughing.,0,take one drop inch kitchen counter crackedi impress laugh
"Bluetooth range is good - a few days ago I left my phone in the trunk, got a call, and carried the conversation without a hitch.",1,bluetooth range good days ago leave phone trunk get call carry conversation without hitch
"Small, sleek, impressive looking, practical setup with ample storage in place.",1,small sleek impressive look practical setup ample storage place
The eargels channel the sound directly into your ear and seem to increase the sound volume and clarity.,1,eargels channel sound directly ear seem increase sound volume clarity
none of the new ones have ever quite worked properly.,0,none new ones ever quite work properly
I am glad I purchased it.,1,glad purchase
I've missed numerous calls because of this reason.,0,ive miss numerous call reason
"Perhaps my phone is defective, but people cannot hear me when I use this.",0,perhaps phone defective people cannot hear use
Don't buy this product.,0,dont buy product
"sucked, most of the stuff does not work with my phone.",0,suck stuff work phone
"No shifting, no bubbling, no peeling, not even a scratch, NOTHING!I couldn't be more happier with my new one for the Droid.",1,shift bubble peel even scratch nothingi couldnt happier new one droid
Worst software ever used.... If I could give this zero stars I would.,0,worst software ever use could give zero star would
Trying to make a call on these is an exercise in frustration.,0,try make call exercise frustration
The case is a flimsy piece of plastic and has no front or side protection whatsoever.,0,case flimsy piece plastic front side protection whatsoever
"I own a Jabra Earset and was very happy with it, but the sound quality, especially outgoing, on this is better.",1,jabra earset happy sound quality especially outgo better
"I love the camera, it's really pretty good quality.",1,love camera really pretty good quality
Thank you for such great service.,1,thank great service
Its a total package.,1,total package
"The seller is very understanding and patient, I would definitely buy from them again.",1,seller understand patient would definitely buy
I give Wirefly 1 star.I will contact Cingular/AT&T; and inform them of this practice.,0,give wirefly stari contact cingularatt inform practice
It's AGGRAVATING!,0,aggravate
Great product for the price!.,1,great product price
"I have purchased these for both family and friends, and all enjoy their clarity and ease of use",1,purchase family friends enjoy clarity ease use
Virgin Wireless rocks and so does this cheap little phone!,1,virgin wireless rock cheap little phone
"None of it works, just don't buy it.",0,none work dont buy
"Muddy, low quality sound, and the casing around the wire's insert was poorly super glued and slid off.",0,muddy low quality sound case around wire insert poorly super glue slide
Please dont waste your money.,0,please dont waste money
"All in all, I'm quite satisfied with this purchase.",1,im quite satisfy purchase
"If you are looking for a good quality Motorola Headset keep looking, this isn't it.",0,look good quality motorola headset keep look isnt
Yet Plantronincs continues to use the same flawed charger design.,0,yet plantronincs continue use flaw charger design
Disapointing Results.,0,disapointing result
Cumbersome design.,0,cumbersome design
"Great it was new packaged nice works good, no problems and it came in less time then I expected!!!!",1,great new package nice work good problems come less time expect
Great Product.,1,great product
It's A PIECE OF CRAP!,0,piece crap
"My experience was terrible..... This was my fourth bluetooth headset, and while it was much more comfortable than my last Jabra (which I HATED!!!",0,experience terrible fourth bluetooth headset much comfortable last jabra hat
This fixes all the problems.,1,fix problems
Worst ever.,0,worst ever
I am very happy,1,happy
"I've had no trouble accessing the Internet, downloading ringtones or performing any of the functions.",1,ive trouble access internet download ringtones perform function
"I can barely ever hear on it and am constantly saying ""what?""",0,barely ever hear constantly say
The battery life is highly unacceptable.,0,battery life highly unacceptable
That company is a joke.,0,company joke
It does everything the description said it would.,1,everything description say would
Due to this happening on every call I was forced to stop using this headset.,0,due happen every call force stop use headset
"It works great with a car charger, especially if you cannot plug in two adapters at the same time.",1,work great car charger especially cannot plug two adapters time
"Verizon tech support walked my through a few procedures, none of which worked and I ended up having to do a hard re-set, wiping out all my data.",0,verizon tech support walk procedures none work end hard reset wipe data
"Voice Quality, Signal Strength, Dropped Calls.",0,voice quality signal strength drop call
"It plays louder than any other speaker of this size; the price is so low that most would think the quality is lacking, however, it's not.",1,play louder speaker size price low would think quality lack however
Better than expected.,1,better expect
"It feels poorly constructed, the menus are difficult to navigate, and the buttons are so recessed that it is difficult to push them.",0,feel poorly construct menus difficult navigate button recess difficult push
Battery is holding up well.,1,battery hold well
Also difficult to put on.I'd recommend avoiding this product.,0,also difficult put onid recommend avoid product
"I only used it two days, and it wasn't always easy to hear with.",0,use two days wasnt always easy hear
I got the car charger and not even after a week the charger was broken...I went to plug it in and it started smoking.,0,get car charger even week charger brokeni go plug start smoke
Sprint - terrible customer service.,0,sprint terrible customer service
Linked to my phone without effort.,1,link phone without effort
THey are so cool!,1,cool
Easy to use.,1,easy use
Better Than New.,1,better new
"What possesed me to get this junk, I have no idea...",0,possesed get junk idea
Piece of trash.,0,piece trash
A pretty good product.,1,pretty good product
This is a great phone!.,1,great phone
"For the price on Amazon, it is an excellent product, which I would highly recommend.",1,price amazon excellent product would highly recommend
Their Research and Development division obviously knows what they're doing.,1,research development division obviously know theyre
"The real killer is the volume, and of course it breaking.",0,real killer volume course break
Those phones are working just fine now.,1,phone work fine
I am more than happy with this product.,1,happy product
Poor Construction.,0,poor construction
This is infuriating.,0,infuriate
"Overall, I would recommend this phone over the new Walkman.",1,overall would recommend phone new walkman
Sprint charges for this service.,0,sprint charge service
"It is cheap, and it feel and look just as cheap.",0,cheap feel look cheap
It fits my ear well and is comfortable on.,1,fit ear well comfortable
It doesn't work in Europe or Asia.,0,doesnt work europe asia
clipping this to your belt will deffinitely make you feel like 50 cent's up-and-coming.,1,clip belt deffinitely make feel like cents upandcoming
I like design and look of Jabra behing the ear headsets and 5020 is pretty comfortible to wear 24 hours a day without pain in the ear.,1,like design look jabra behing ear headsets pretty comfortible wear hours day without pain ear
I was amazed at the quick arrival of the two original lg cell phone batteries and and at a fraction of the price.,1,amaze quick arrival two original lg cell phone batteries fraction price
the worst phone from samsung...crap..... this crappy Samsung E715.. is the worst i have ever seeen.,0,worst phone samsungcrap crappy samsung e worst ever seeen
the charger worked for about a week and then completely stopped charging my phone.,0,charger work week completely stop charge phone
Poor product.,0,poor product
However I needed some better instructions.,0,however need better instructions
You need two hands to operate the screen.This software interface is decade old and cannot compete with new software designs.,0,need two hand operate screenthis software interface decade old cannot compete new software design
Worked very well paired with a Treo 700w and as a Skype headset on my PC (using a USB Bluetooth transceiver).,1,work well pair treo w skype headset pc use usb bluetooth transceiver
"Steer clear of this product and go with the genuine Palm replacementr pens, which come in a three-pack.",0,steer clear product go genuine palm replacementr pen come threepack
DO NOT BUY DO NOT BUYIT SUCKS,0,buy buyit suck
This is a great product..... sure beats using your fingers!.,1,great product sure beat use finger
"Plus, I seriously do not believe it is worth its steep price point.",0,plus seriously believe worth steep price point
All the other cases I've tried normally fall apart after a few months but this one seems to be in for the long haul.,1,case ive try normally fall apart months one seem long haul
Very Dissapointing Performance.,0,dissapointing performance
Don't make the same mistake that I did and please don't buy this phone.,0,dont make mistake please dont buy phone
This phone might well be the worst I've ever had in any brand.,0,phone might well worst ive ever brand
Case was more or less an extra that I originally put on but later discarded because it scratched my ear.,0,case less extra originally put later discard scratch ear
I recommend iGo to anyone with different brand cell phones/mp3 players in the family.,1,recommend igo anyone different brand cell phonesmp players family
Don't bother - go to the store.,0,dont bother go store
"I posted more detailed comments under the grey or black phone, but i have the Fire Red and it's a great color!",1,post detail comment grey black phone fire red great color
I did not have any problem with this item and would order it again if needed.,1,problem item would order need
You get what you pay for I guess.,0,get pay guess
"Not only did the software do a great job of this, I could also make my own ringtones form my existing CDs without an internet connection.",1,software great job could also make ringtones form exist cds without internet connection
im surprised this is a good quality car charger and there's not much reviews about it.,1,im surprise good quality car charger theres much review
These are fabulous!,1,fabulous
"However, BT headsets are currently not good for real time games like first-person shooters since the audio delay messes me up.",0,however bt headsets currently good real time game like firstperson shooters since audio delay mess
I used bitpim (a free program you can find on the internet)to transfer data to the phone.The price of the cable was excellent.,1,use bitpim free program find internetto transfer data phonethe price cable excellent
Disappointing accessory from a good manufacturer.,0,disappoint accessory good manufacturer
"Performed awful -- muffled, tinny incoming sound and severe echo for those on the other end of the call.",0,perform awful muffle tinny incoming sound severe echo end call
Very wind-resistant.,1,windresistant
"Obviously they have a terrible customer service, so you get what you pay for.",0,obviously terrible customer service get pay
"They do not last forever, but is not overly expensive to replace.Easy to operate and the sound is much better than others I have tried.",1,last forever overly expensive replaceeasy operate sound much better others try
"I contacted the company and they told me that, although the unit was still under warranty, if I couldn't produce my receipt I was out of luck.",0,contact company tell although unit still warranty couldnt produce receipt luck
Linksys should have some way to exchange a bad phone for a refurb unit or something!,0,linksys way exchange bad phone refurb unit something
Phone is sturdy as all nokia bar phones are.,1,phone sturdy nokia bar phone
Great phone.,1,great phone
"When I placed my treo into the case, not only was it NOT snug, but there was A LOT of extra room on the sides.",0,place treo case snug lot extra room side
I'm pleased.,1,im please
Battery is terrible.,0,battery terrible
I found the product to be easy to set up and use.,1,find product easy set use
The earpiece on this is too large or too heavy...it keeps falling out of my ear.,0,earpiece large heavyit keep fall ear
Utter crap.. Sound quality is TERRIBLE.,0,utter crap sound quality terrible
"The charger arrived within the promised timeframe, but it did not work.",0,charger arrive within promise timeframe work
"No ear loop needed, it's tiny and the sound is great.",1,ear loop need tiny sound great
"Finally, after three or four times the spring of the latch broke and I could not use it any longer on the visor.",0,finally three four time spring latch break could use longer visor
"The handsfree part works fine, but then the car tries to download the address book, and the Treo reboots.Overall, I still rate this device high.",1,handsfree part work fine car try download address book treo rebootsoverall still rate device high
Talk about USELESS customer service.,0,talk useless customer service
"It felt too light and ""tinny."".",0,felt light tinny
This does not fit the Palm Tungsten E2 and it broke the first time I tried to plug it in.,0,fit palm tungsten e break first time try plug
I'm happy about this purchase- good quality and low price.,1,im happy purchase good quality low price
I love the look and feel of Samsung flipphones.,1,love look feel samsung flipphones
Its well-designed and very sharp -- the blue is a very nice color.,1,welldesigned sharp blue nice color
Does everything it should and more.,1,everything
I could not recommend these more.,0,could recommend
Nice Sound.,1,nice sound
"Looks good in the picture, but this case was a huge disappointment!!",0,look good picture case huge disappointment
Much less than the jawbone I was going to replace it with.,1,much less jawbone go replace
Setup went very smoothly.,1,setup go smoothly
its extremely slow and takes forever to do anything with it.,0,extremely slow take forever anything
"A must study for anyone interested in the ""worst sins"" of industrial design.",0,must study anyone interest worst sin industrial design
The first thing that happened was that the tracking was off.,0,first thing happen track
"It is well made, easy to access the phone and has a handy, detachable belt clip.",1,well make easy access phone handy detachable belt clip
Then I had to continue pairing it periodically since it somehow kept dropping.,0,continue pair periodically since somehow keep drop
Can't upload ringtones from a third party.,0,cant upload ringtones third party
"Bluetooth does not work, phone locks up, screens just flash up and now it just makes calls randomly while in my pocket locked.",0,bluetooth work phone lock screen flash make call randomly pocket lock
Truly awful.,0,truly awful
"It works fine on my Motorola 325 cellphone, and a lot better than the worn-out battery did.",1,work fine motorola cellphone lot better wornout battery
The volume for the ringer is REAL good (you have choices how loud).,1,volume ringer real good choices loud
And none of the tones is acceptable.,0,none tone acceptable
camera color balance is AWFUL.,0,camera color balance awful
"This product is clearly not ready for prime time, I don't care how cool it looks, if you can't tell a call is coming in it's worthless.",0,product clearly ready prime time dont care cool look cant tell call come worthless
I love the ringtones because they are so upbeat!,1,love ringtones upbeat
Chinese Forgeries Abound!.,0,chinese forgeries abound
Easy to pair with my Samsung Cell.,1,easy pair samsung cell
The instructions didn't explain that a microphone jack could be used.,0,instructions didnt explain microphone jack could use
i would advise to not purchase this item it never worked very well.,0,would advise purchase item never work well
Too bad you have to pay up to $$$ a month for the service!,0,bad pay month service
Works well.,1,work well
The nokia CA-42 USB cable did not work with my phone.,0,nokia ca usb cable work phone
Clear crisp sound.,1,clear crisp sound
"I have to use the smallest earpieces provided, but it stays on pretty well.",1,use smallest earpieces provide stay pretty well
"The biggest complaint I have is, the battery drains superfast.",0,biggest complaint battery drain superfast
The design might be ergonomic in theory but I could not stand having these in my ear.,0,design might ergonomic theory could stand ear
Do NOT buy if you want to use the holster.,0,buy want use holster
The phone can also take great pictures and even video clips.,1,phone also take great picture even video clip
It doesn't make you look cool.,0,doesnt make look cool
"Because both ears are occupied, background is not distracting at all.",1,ears occupy background distract
"Comfortable fit - you need your headset to be comfortable for at least an hour at a time, if not for an entire day.",1,comfortable fit need headset comfortable least hour time entire day
"Also, the phone doesn't seem to accept anything except CBR mp3s, preferably ripped by Windows Media Player.",0,also phone doesnt seem accept anything except cbr mps preferably rip windows media player
You can't beat the price on these.,1,cant beat price
"* Comes with a strong light that you can use to light up your camera shots, and even flash SOS signals (seriously!",1,come strong light use light camera shots even flash sos signal seriously
lightweight and works well.,1,lightweight work well
So just beware.,0,beware
I love this cable - it allows me to connect any mini-USB device to my PC.,1,love cable allow connect miniusb device pc
So anyone near you will hear part of your conversation.,0,anyone near hear part conversation
This is cool because most cases are just open there allowing the screen to get all scratched up.,1,cool case open allow screen get scratch
I bought this phone as a replacement for my StarTac and have regretted it since.,0,buy phone replacement startac regret since
Appears to actually outperform the original battery from China that came with my V325i.,1,appear actually outperform original battery china come vi
Can't store anything but phone numbers to SIM.,0,cant store anything phone number sim
"It lasts less than 3o minutes, if I actually try to use the phone.My wife has the same phone with the same problem.",0,last less minutes actually try use phonemy wife phone problem
Poor quality.,0,poor quality
"jabra ear gels ""R"" the best!.",1,jabra ear gel r best
Not worth it.,0,worth
The phone crashed completely and now I have to get it replaced.,0,phone crash completely get replace
"It quit working after I'd used it for about 18 months, so I just purchased another one because this is the best headset I've ever owned.",1,quit work id use months purchase another one best headset ive ever own
"Unfortunately it will not recharge my iPhone 4s, despite connecting it from multiple power sources (iMac, external battery, wall outlet, etc).",0,unfortunately recharge iphone despite connect multiple power source imac external battery wall outlet etc
It was a great phone.,1,great phone
if you simply want a small flip phone -- look elsewhere as the extra bells & whistles are mediocre.,0,simply want small flip phone look elsewhere extra bell whistle mediocre
"Good value, works fine - power via USB, car, or wall outlet.",1,good value work fine power via usb car wall outlet
My phone doesn't slide around my car now and the grip prevents my phone from slipping out of my hand.,1,phone doesnt slide around car grip prevent phone slip hand
This is simply the BEST bluetooth headset for sound quality!,1,simply best bluetooth headset sound quality
Think it over when you plan to own this one!This sure is the last MOTO phone for me!,0,think plan onethis sure last moto phone
"In the span of an hour, I had two people exclaim ""Whoa - is that the new phone on TV?!?",1,span hour two people exclaim whoa new phone tv
I have always used corded headsets and the freedom from the wireless is very helpful.,1,always use cord headsets freedom wireless helpful
"This case has passed the one year mark and while it shows signs of wear, it is 100% functional.",1,case pass one year mark show sign wear functional
"Other than that, the leather is nice and soft; the fit is very tight; the cut out for the face is a good shape.",1,leather nice soft fit tight cut face good shape
It has everything I need and I couldn't ask for more.,1,everything need couldnt ask
After receiving and using the product for just 2 days it broke.,0,receive use product days break
This product is great... it makes working a lot easier I can go to the copier while waiting on hold for something.,1,product great make work lot easier go copier wait hold something
None of the three sizes they sent with the headset would stay in my ears.,0,none three size send headset would stay ears
T-Mobile has the best customer service anywhere.,1,tmobile best customer service anywhere
Arrived quickly and much less expensive than others being sold.,1,arrive quickly much less expensive others sell
We have tried 2 units and they both failed within 2 months.. Pros,0,try units fail within months pros
"Provides good protection and looks classy, too.",1,provide good protection look classy
Krussel Always good.,1,krussel always good
"The tracfonewebsite is user friendly and makes it easy toactivate, etc.",1,tracfonewebsite user friendly make easy toactivate etc
The design is very good.4.,1,design good
I great reception all the time.,1,great reception time
I would highly recommend this product.,1,would highly recommend product
"Couldn't use the unit with sunglasses, not good in Texas!",0,couldnt use unit sunglasses good texas
It dit not work most of the time with my Nokia 5320.,0,dit work time nokia
"Bought mainly for the charger, which broke soon after purchasing.",0,buy mainly charger break soon purchase
"If you like a loud buzzing to override all your conversations, then this phone is for you!",0,like loud buzz override conversations phone
Fantastic buy and will get again for whatever my next phone is,1,fantastic buy get whatever next phone
"stay away from this store, be careful.",0,stay away store careful
This BlueAnt Supertooth hands-free phone speaker is AWESOME.,1,blueant supertooth handsfree phone speaker awesome
Does not fit.,0,fit
.... Item arrived quickly and works great with my Metro PCS Samsung SCH-r450 slider phone and Sony Premium Sound in ear plugs.,1,item arrive quickly work great metro pcs samsung schr slider phone sony premium sound ear plug
"It is light, has plenty of battery capacity, and is very confortable to wear for somewhat extended periods of time.",1,light plenty battery capacity confortable wear somewhat extend periods time
disappointing.,0,disappoint
Blue Ant is easy to use.,1,blue ant easy use
Cheap but hey it works.. Was pleasantly suprised given the low cost of this item.,1,cheap hey work pleasantly suprised give low cost item
The camera on the phone may be used as a dustpan when indoors... I'd rather be using a disposable then this.,0,camera phone may use dustpan indoors id rather use disposable
Then a few days later the a puff of smoke came out of the phone while in use.,0,days later puff smoke come phone use
It's very convenient and simple to use - gets job done & makes the car ride so much smoother.,1,convenient simple use get job do make car ride much smoother
The nano stated it.My son was dissapointed.,0,nano state itmy son dissapointed
The sound quality is excellent as well.,1,sound quality excellent well
Its the best headset I have used.,1,best headset use
Would not reccommend.,0,would reccommend
They have been around for years and carries the highest quality of anti-glare screen protector that I have found to date.,1,around years carry highest quality antiglare screen protector find date
Just what I wanted.,1,want
This particular model would not work with my Motorola Q smartphone.,0,particular model would work motorola q smartphone
wont work right or atleast for me.,0,wont work right atleast
in addition it feels &amp; looks as if the phone is all lightweight cheap plastic.,0,addition feel amp look phone lightweight cheap plastic
"But now that it is ""out of warranty"" the same problems reoccure.Bottom line... put your money somewhere else... Cingular will not support it.",0,warranty problems reoccurebottom line put money somewhere else cingular support
"I really wanted the Plantronics 510 to be the right one, but it has too many issues for me.The good",0,really want plantronics right one many issue methe good
Great product.,1,great product
Crisp and Clear.,1,crisp clear
AFter the first charge kept going dead after 12 minutes.,0,first charge keep go dead minutes
"VERY cheap plastic, creaks like an old wooden floor.",0,cheap plastic creak like old wooden floor
"I get absolutely horrible reception in my apartment, where with other phones I have not had this problem.",0,get absolutely horrible reception apartment phone problem
The reception has been generally good.,1,reception generally good
"Excellent sound, battery life and inconspicuous to boot!.",1,excellent sound battery life inconspicuous boot
Great bluetooth!.,1,great bluetooth
I highly recommend this case.,1,highly recommend case
WORTHWHILE.,1,worthwhile
This is a great deal.,1,great deal
"After my phone got to be about a year old, it's been slowly breaking despite much care on my part.",0,phone get year old slowly break despite much care part
I am sorry I made this purchase.,0,sorry make purchase
I bought these hoping I could make my Bluetooth headset fit better but these things made it impossible to wear.,0,buy hop could make bluetooth headset fit better things make impossible wear
Treo and T-Mobile refused to replace it again and forced me to buy another phone without any kind of upgrade discount.,0,treo tmobile refuse replace force buy another phone without kind upgrade discount
It was horrible!.,0,horrible
I don't think it would hold it too securly on your belt.,0,dont think would hold securly belt
This allows the possibility of double booking for the same date and time after the first.,0,allow possibility double book date time first
They work about 2 weeks then break.,0,work weeks break
It is simple to use and I like it.,1,simple use like
"It's a great tool for entertainment, communication, and data management.Oh, be sure to use ActiveSync 4.2 for optimal data synchronization results!",1,great tool entertainment communication data managementoh sure use activesync optimal data synchronization result
I can't use this case because the smell is disgusting.,0,cant use case smell disgust
NOT WHAT I WANTED.,0,want
I own 2 of these cases and would order another.,1,case would order another
Great Phone.,1,great phone
I bought this battery with a coupon from Amazon and I'm very happy with my purchase.,1,buy battery coupon amazon im happy purchase
"The internet access was fine, it the rare instance that it worked.",0,internet access fine rare instance work
Perfect for the PS3.,1,perfect ps
"Five star Plus, plus.",1,five star plus plus
A good quality bargain.. I bought this after I bought a cheapy from Big Lots that sounded awful and people on the other end couldn't hear me.,1,good quality bargain buy buy cheapy big lot sound awful people end couldnt hear
$50 Down the drain.,0,drain
I tried talking real loud but shouting on the telephone gets old and I was still told it wasn't great.,0,try talk real loud shout telephone get old still tell wasnt great
"Good , works fine.",1,good work fine
For the price this was a great deal.,1,price great deal
"Great price, too!",1,great price
"If there is a wind, it is completely useless.",0,wind completely useless
Yes it's shiny on front side - and I love it!,1,yes shiny front side love
Does Not Work.,0,work
"At first I thought I was grtting a good deal at $7.44, until I plugged it into my phone (V3c Razr).",0,first think grtting good deal plug phone vc razr
The reception through this headset is excellent.,1,reception headset excellent
2 thumbs up to this seller,1,thumb seller
"I have a Verizon LG phone and they work well together, good reception and range that exceeds 20 feet line of sight.",1,verizon lg phone work well together good reception range exceed feet line sight
Improper description.... I had to return it.,0,improper description return
#1 It Works - #2 It is Comfortable.,1,work comfortable
Battery charge-life is quite long.,1,battery chargelife quite long
The Jabra EarGels fit my ears very well.,1,jabra eargels fit ears well
Battery has no life.,0,battery life
I checked everywhere and there is no feature for it which is really disappointing.,0,check everywhere feature really disappoint
Product is exactly as described.,1,product exactly describe
Gets a signal when other Verizon phones won't.,1,get signal verizon phone wont
Doesn't do the job.,0,doesnt job
I would recommend it.,1,would recommend
Plan on ordering from them again and again.,1,plan order
"That being said, for a phone, the camera is very nice; many cool effects to play with, and video is decent as well.",1,say phone camera nice many cool effect play video decent well
I have been very satisfied with this cell phone from day one.,1,satisfy cell phone day one
They keep getting better and better (this is my third one and I've had numerous Palms too).,1,keep get better better third one ive numerous palm
Awkward to use and unreliable.,0,awkward use unreliable
The shipping time was also very quick!,1,ship time also quick
Not as good as I had hoped.,0,good hop
Good case!.,1,good case
Doesn't Work.,0,doesnt work
Really good product.,1,really good product
Unfortunately it did not work.,0,unfortunately work
All three broke within two months of use.,0,three break within two months use
dont buy it.,0,dont buy
"My father has the V265, and the battery is dying.",0,father v battery die
"However, the ear pads come off easily and after only one week I lost one.",0,however ear pad come easily one week lose one
"The calls drop, the phone comes on and off at will, the screen goes black and the worst of all it stops ringing intermittently.",0,call drop phone come screen go black worst stop ring intermittently
"Horrible, horrible protector.",0,horrible horrible protector
I don't like this Nokia either.,0,dont like nokia either
"Reaching for the bottom row is uncomfortable, and the send and end keys are not where I expect them to be.3.",0,reach bottom row uncomfortable send end key expect
I have bought this Nokia cell phone a few weeks ago and it was a nightmare.,0,buy nokia cell phone weeks ago nightmare
It would take too long to describe how bad my customer service experience has been with Amazon.,0,would take long describe bad customer service experience amazon
the only VERY DISAPPOINTING thing was there was NO SPEAKERPHONE!!!!,0,disappoint thing speakerphone
Terrible.. My car will not accept this cassette.,0,terrible car accept cassette
"Product is useless, since it does not have enough charging current to charge the 2 cellphones I was planning to use it with.",0,product useless since enough charge current charge cellphones plan use
It's not what it says it is.,0,say
Stay Away From the Q!.,0,stay away q
Used and dirty.,0,use dirty
Very unreliable service from T-mobile !,0,unreliable service tmobile
Not good enough for the price.,0,good enough price
I bought two of them and neither will charge.,0,buy two neither charge
It looks very nice.,1,look nice
"This is an excellent tool, especially when paired with your phone's auto-answer.",1,excellent tool especially pair phone autoanswer
I have read other's reviews here but I haven't had any problem with it.,1,read others review havent problem
These products cover up the important light sensor above the ear outlet.,0,products cover important light sensor ear outlet
Comfortable in my hand.,1,comfortable hand
Just does not work.,0,work
Poor Reliability.,0,poor reliability
(It works!),1,work
"If I take a picture, the battery drops a bar, and starts beeping, letting me know its dieing.",0,take picture battery drop bar start beep let know die
"Terrible product, and waste of money!",0,terrible product waste money
Last time buying from you.,0,last time buy
It was a waste of my money.,0,waste money
So far it has worked like a charm.,1,far work like charm
"I have only had it for a few weeks, but so far, so good.",1,weeks far good
"But, in any case, the best part is, you can download these pictures to your laptop using IR, or even send pictures from your laptop to the phone.",1,case best part download picture laptop use ir even send picture laptop phone
Would recommend this item.,1,would recommend item
It's been my choice headset for years.Great sound; good volume; good noise cancellation.,1,choice headset yearsgreat sound good volume good noise cancellation
"Nice case, feels good in your hands.",1,nice case feel good hand
The item received was Counterfeit.,0,item receive counterfeit
"Just really good.. So far, probably the best BT headset I have ever had.",1,really good far probably best bt headset ever
Works fine.,1,work fine
I received my headset in good time and was happy with it.,1,receive headset good time happy
I was very pleased to see that I could replace my well travled swivel holster for my Blackberry flip.,1,please see could replace well travled swivel holster blackberry flip
My sister has one also and she loves it.,1,sister one also love
Good Quality.,1,good quality
This is by far the worst purchase I've made on Amazon.,0,far worst purchase ive make amazon
Excellent dual-purpose headset.,1,excellent dualpurpose headset
Excellent!.,1,excellent
Does not work for listening to music with the cingular 8125.,0,work listen music cingular
"It seems completely secure, both holding on to my belt, and keeping the iPhone inside.",1,seem completely secure hold belt keep iphone inside
"The bottowm line...another worthless, cheap gimmick from Sprint.",0,bottowm lineanother worthless cheap gimmick sprint
Having trouble with volume.,0,trouble volume
The only good thing was that it fits comfortably on small ears.,1,good thing fit comfortably small ears
WARNING - DO NOT BUY!!.,0,warn buy
"I am pairing this with my iphone, and I could not be happier with it so far.",1,pair iphone could happier far
"When it opens, the battery connection is broken and the device is turned off.",0,open battery connection break device turn
"I didn't want the clip going over the top of my ear, causing discomfort.",0,didnt want clip go top ear cause discomfort
Best headset ever!!!.,1,best headset ever
Don't trust their website and don't expect any helpful support.,0,dont trust website dont expect helpful support
It was that loud.Glad to say that the Plantronics 510 maintains a flawless connection to my cell and with no static during normal use.,1,loudglad say plantronics maintain flawless connection cell static normal use
The speaker is of low quality so as making the ring tones sound very cheap.,0,speaker low quality make ring tone sound cheap
"Fits comfortably, came with three sizes of earbud tips.",1,fit comfortably come three size earbud tip
Excellent product for the price.,1,excellent product price
Bad Reception.,0,bad reception
This product is very High quality Chinese CRAP!!!!!!,0,product high quality chinese crap
It was quite comfortable in the ear.,1,quite comfortable ear
Great phone.,1,great phone
Don't buy this product - It fails!.,0,dont buy product fail
Everything about this product is wrong.First,0,everything product wrongfirst
The pairing of the two devices was so easy it barely took a couple minutes before I started making calls with the voice dialing feature.,1,pair two devices easy barely take couple minutes start make call voice dial feature
"This was utterly confusing at first, which caused me to lose a couple of very, very important contacts.",0,utterly confuse first cause lose couple important contact
Terrible phone holder.,0,terrible phone holder
The cutouts and buttons are placed perfectly.,1,cutouts button place perfectly
I love being able to use one headset for both by land-line and cell.,1,love able use one headset landline cell
Problem is that the ear loops are made of weak material and break easily.,0,problem ear loop make weak material break easily
Not nearly as good looking as the AMAZON picture makes it look.,0,nearly good look amazon picture make look
"But despite these few flaws, this case is of exceptional quality and well worth the additional costs of owning an official OEM product.",1,despite flaw case exceptional quality well worth additional cost own official oem product
How stupid is that?,0,stupid
"I can hear while I'm driving in the car, and usually don't even have to put it on it's loudest setting.",1,hear im drive car usually dont even put loudest set
Seller shipped quickly and much cheaper than the competitors.,1,seller ship quickly much cheaper competitors
"Good show, Samsung.",1,good show samsung
So I bought about 10 of these and saved alot of money.,1,buy save alot money
It always cuts out and makes a beep beep beep sound then says signal failed.,0,always cut make beep beep beep sound say signal fail
Couldn't figure it out,0,couldnt figure
"My phone sounded OK ( not great - OK), but my wife's phone was almost totally unintelligible, she couldn't understand a word being said on it.",0,phone sound ok great ok wifes phone almost totally unintelligible couldnt understand word say
So I had to take the battery out of the phone put it all back together and then restart it.,0,take battery phone put back together restart
"While I managed to bend the leaf spring back in place, the metal now has enough stress that it will break on the next drop.",0,manage bend leaf spring back place metal enough stress break next drop
Leopard Print is wonderfully wild!.,1,leopard print wonderfully wild
Works for me.,1,work
"Saggy, floppy piece of junk.",0,saggy floppy piece junk
much better than the hard plastic cases.,1,much better hard plastic case
It also had a new problem.,0,also new problem
Happy so far!.,1,happy far
cool phone.,1,cool phone
Works good.,1,work good
Motorola finally got the voice quality of a bluetooth headset right.,1,motorola finally get voice quality bluetooth headset right
It looses connection to the phone even when it is within a couple feet between the two.,0,loose connection phone even within couple feet two
"but it is great, i would really recommend it",1,great would really recommend
Makes it easier to keep up with my bluetooth when I'm not wearing it.,0,make easier keep bluetooth im wear
As I said above....PRETTY USELESS!,0,say abovepretty useless
Never got it!!!!!,0,never get
This pair of headphones is the worst that I have ever had sound-wise.,0,pair headphones worst ever soundwise
[...] down the drain because of a weak snap!,0,drain weak snap
Does not charge the Cingular (ATT) 8525 phone.,0,charge cingular att phone
"You get extra minutes so that you can carry out the call and not get cut off.""",1,get extra minutes carry call get cut
"However, after about a year, the fliptop started to get loose and wobbly and eventually my screen went black and I couldn't receive and place calls.",0,however year fliptop start get loose wobbly eventually screen go black couldnt receive place call
I kept catching the cable on the seat and I had to pull the phone out to turn it on an off.,0,keep catch cable seat pull phone turn
The headset fulfills my requirements so I am happy with my purchase.,1,headset fulfill requirements happy purchase
Logitech Bluetooth Headset is a 10!.,1,logitech bluetooth headset
"I like the fact that it rests lightly against your ear, rather than inside.",1,like fact rest lightly ear rather inside
A lot of websites have been rating this a very good phone and so do I.,1,lot websites rat good phone
I have tried these cables with my computer and my iPod and it works just fine.,1,try cable computer ipod work fine
"The mic there is a joke, and the volume is quite low.",0,mic joke volume quite low
I'm returning them.,0,im return
I does not maintain a connection with the computer while it is on my lap.,0,maintain connection computer lap
It is easy to turn on and off when you are in the car and the volume controls are quite accessable.,1,easy turn car volume control quite accessable
I have had mine for about a year and this Christmas I bought some for the rest of the family.,1,mine year christmas buy rest family
"Otherwise, easy to install and use, clear sound.",1,otherwise easy install use clear sound
nice leather.,1,nice leather
I had to purchase a different case.,0,purchase different case
It is a joy to use.,1,joy use
Very much disappointed with this company.,0,much disappoint company
Very satisifed with that.,1,satisifed
It didn't charge for me.,0,didnt charge
This is the phone to get for 2005.... I just bought my S710a and all I can say is WOW!,1,phone get buy sa say wow
Buttons are too small.,0,button small
Just reading on the specs alone makes you say WOW.,1,read specs alone make say wow
Love it.. Great armband.,1,love great armband
I really like this product over the Motorola because it is allot clearer on the ear piece and the mic.,1,really like product motorola allot clearer ear piece mic
"However, the keypads are so tinny that I sometimes reach the wrong buttons.",0,however keypads tinny sometimes reach wrong button
I exchanged the sony ericson z500a for this and I'm pretty happy with that decision.,1,exchange sony ericson za im pretty happy decision
I was very impressed with the price of the cases.,1,impress price case
Also makes it easier to hold on to.,1,also make easier hold
"I use this product in a motor control center where there is a lot of high voltage humming from the equipment, and it works great!",1,use product motor control center lot high voltage hum equipment work great
It's pretty easy.,1,pretty easy
I cannot make calls at certain places.,0,cannot make call certain place
"however, my girl was complain that some time the phone doesn't wake up like normal phone does.",0,however girl complain time phone doesnt wake like normal phone
Beautiful styling though.,1,beautiful style though
This company charge me a restocking fee and still not given me my refund back.,0,company charge restock fee still give refund back
I'm trying to return it for a refund.,0,im try return refund
I plugged it in only to find out not a darn thing worked.,0,plug find darn thing work
Excellent product.,1,excellent product
Earbud piece breaks easily.,0,earbud piece break easily
Lousy product.,0,lousy product
This phone tries very hard to do everything but fails at it's very ability to be a phone.,0,phone try hard everything fail ability phone
It is the best charger I have seen on the market yet.,1,best charger see market yet
SWEETEST PHONE!!!,1,sweetest phone
":-)Oh, the charger seems to work fine.",1,oh charger seem work fine
It fits so securely that the ear hook does not even need to be used and the sound is better directed through your ear canal.,1,fit securely ear hook even need use sound better direct ear canal
Not enough volume.,0,enough volume
Echo Problem....Very unsatisfactory,0,echo problemvery unsatisfactory
you could only take 2 videos at a time and the quality was very poor.,0,could take videos time quality poor
don't waste your money.,0,dont waste money
I am going to have to be the first to negatively review this product.,0,go first negatively review product
Adapter does not provide enough charging current.,0,adapter provide enough charge current
"There was so much hype over this phone that I assumed it was the best, my mistake.",0,much hype phone assume best mistake
You also cannot take pictures with it in the case because the lense is covered.,0,also cannot take picture case lense cover
Phone falls out easily.,0,phone fall easily
"It didn't work, people can not hear me when I talk.",0,didnt work people hear talk
The text messaging feature is really tricky to use.,0,text message feature really tricky use
I'm really disappointed all I have now is a charger that doesn't work.,0,im really disappoint charger doesnt work
Painful on the ear.,0,painful ear
Lasted one day and then blew up.,0,last one day blow
disappointed.,0,disappoint
Kind of flops around.,0,kind flop around
The screen does get smudged easily because it touches your ear and face.,0,screen get smudge easily touch ear face
What a piece of junk.. I lose more calls on this phone.,0,piece junk lose call phone
Item Does Not Match Picture.,0,item match picture
The only thing that disappoint me is the infra red port (irda).,0,thing disappoint infra red port irda
"You can not answer calls with the unit, never worked once!",0,answer call unit never work
